list,item_1_section,item_1_number,item_1_condition,field_1_1,item_2_section,item_2_number,item_2_condition,field_2_1,item_3_section,item_3_number,item_3_condition,field_3_1,item_4_section,item_4_number,item_4_condition,field_4_1,item_5_section,item_5_number,item_5_condition,field_5_1,item_6_section,item_6_number,item_6_condition,field_6_1,item_7_section,item_7_number,item_7_condition,field_7_1,item_8_section,item_8_number,item_8_condition,field_8_1,item_9_section,item_9_number,item_9_condition,field_9_1,item_10_section,item_10_number,item_10_condition,field_10_1
0,target,5,animate-v,That's the boy that the instructor floated in the pool.,filler,2,filler,That's the student that the councilor made skip the road.,target,3,inanimate-v,That's the book that the student returned to the library.,filler,1,filler,That's the girl that the teacher played with the doll.,target,1,animate-v,That's the gymnast that the coach balanced on the beam.,filler,3,filler,That's the film that the assistant developed in the darkroom.,target,4,animate-make-v,That's the sprinter that the coach made run for 2 hours.,filler,5,filler,That's the rabbit that the magician made vanish into thin air.,filler,4,filler,That's the wall that the carpenter broke into several pieces.,target,2,inanimate-make-v,That's the ladder that the worker made lean against the door.
1,target,2,inanimate-make-v,That's the ladder that the worker made lean against the door.,filler,4,filler,That's the wall that the carpenter broke into several pieces.,filler,5,filler,That's the rabbit that the magician made vanish into thin air.,target,4,animate-make-v,That's the sprinter that the coach made run for 2 hours.,filler,3,filler,That's the film that the assistant developed in the darkroom.,target,1,animate-v,That's the gymnast that the coach balanced on the beam.,filler,1,filler,That's the girl that the teacher played with the doll.,target,3,inanimate-v,That's the book that the student returned to the library.,filler,2,filler,That's the student that the councilor made skip the road.,target,5,animate-v,That's the boy that the instructor floated in the pool.
2,target,1,inanimate-make-v,That's the book that the girl made balance on her head.,filler,2,filler,That's the student that the councilor made skip the road.,target,5,inanimate-make-v,That's the idea that the team made float at the meeting.,filler,5,filler,That's the rabbit that the magician made vanish into thin air.,target,3,animate-make-v,That's the intern that the supervisor made return for another shift.,filler,4,filler,That's the wall that the carpenter broke into several pieces.,target,2,inanimate-v,That's the ladder that the worker leaned against the wall.,filler,1,filler,That's the girl that the teacher played with the doll.,filler,3,filler,That's the film that the assistant developed in the darkroom.,target,4,animate-v,That's the sprinter that the coach ran for 2 hours.
3,target,4,animate-v,That's the sprinter that the coach ran for 2 hours.,filler,3,filler,That's the film that the assistant developed in the darkroom.,filler,1,filler,That's the girl that the teacher played with the doll.,target,2,inanimate-v,That's the ladder that the worker leaned against the wall.,filler,4,filler,That's the wall that the carpenter broke into several pieces.,target,3,animate-make-v,That's the intern that the supervisor made return for another shift.,filler,5,filler,That's the rabbit that the magician made vanish into thin air.,target,5,inanimate-make-v,That's the idea that the team made float at the meeting.,filler,2,filler,That's the student that the councilor made skip the road.,target,1,inanimate-make-v,That's the book that the girl made balance on her head.
4,target,3,animate-v,That's the intern that the supervisor returned for another shift.,filler,2,filler,That's the student that the councilor made skip the road.,target,1,inanimate-v,That's the book that the girl balanced on her head.,filler,4,filler,That's the wall that the carpenter broke into several pieces.,target,2,animate-make-v,That's the gang that the officer made lean against the wall.,filler,5,filler,That's the rabbit that the magician made vanish into thin air.,target,5,inanimate-v,That's the idea that the team floated at the meeting.,filler,3,filler,That's the film that the assistant developed in the darkroom.,target,4,inanimate-make-v,That's the engine that the mechanic made run idle for 2 hours.,filler,1,filler,That's the girl that the teacher played with the doll.
5,filler,1,filler,That's the girl that the teacher played with the doll.,target,4,inanimate-make-v,That's the engine that the mechanic made run idle for 2 hours.,filler,3,filler,That's the film that the assistant developed in the darkroom.,target,5,inanimate-v,That's the idea that the team floated at the meeting.,filler,5,filler,That's the rabbit that the magician made vanish into thin air.,target,2,animate-make-v,That's the gang that the officer made lean against the wall.,filler,4,filler,That's the wall that the carpenter broke into several pieces.,target,1,inanimate-v,That's the book that the girl balanced on her head.,filler,2,filler,That's the student that the councilor made skip the road.,target,3,animate-v,That's the intern that the supervisor returned for another shift.
6,target,2,animate-v,That's the gang that the officer leaned against the wall.,filler,5,filler,That's the rabbit that the magician made vanish into thin air.,target,4,inanimate-v,That's the engine that the mechanic ran idle for 2 hours.,filler,2,filler,That's the student that the councilor made skip the road.,target,1,animate-make-v,That's the gymnast that the coach made balance on the beam.,filler,1,filler,That's the girl that the teacher played with the doll.,filler,4,filler,That's the wall that the carpenter broke into several pieces.,target,5,animate-make-v,That's the boy that the instructor made float in the pool.,filler,3,filler,That's the film that the assistant developed in the darkroom.,target,3,inanimate-make-v,That's the book that the student made return to the library.
7,target,3,inanimate-make-v,That's the book that the student made return to the library.,filler,3,filler,That's the film that the assistant developed in the darkroom.,target,5,animate-make-v,That's the boy that the instructor made float in the pool.,filler,4,filler,That's the wall that the carpenter broke into several pieces.,filler,1,filler,That's the girl that the teacher played with the doll.,target,1,animate-make-v,That's the gymnast that the coach made balance on the beam.,filler,2,filler,That's the student that the councilor made skip the road.,target,4,inanimate-v,That's the engine that the mechanic ran idle for 2 hours.,filler,5,filler,That's the rabbit that the magician made vanish into thin air.,target,2,animate-v,That's the gang that the officer leaned against the wall.
